date,m3,m6,m12,m24,m36,m60,m84,m120
1985-01-01,8.02,8.45,9.02,9.93,10.43,10.93,11.27,11.38
1985-02-01,8.56,8.87,9.29,10.17,10.55,11.13,11.44,11.51
1985-03-01,8.83,9.45,9.86,10.71,11.05,11.52,11.82,11.86
1985-04-01,8.22,8.71,9.14,10.09,10.49,11.01,11.34,11.43
1985-05-01,7.73,8.07,8.46,9.39,9.75,10.34,10.72,10.85
1985-06-01,7.18,7.46,7.80,8.69,9.05,9.60,10.08,10.16
1985-07-01,7.32,7.57,7.86,8.77,9.18,9.70,10.16,10.31
1985-08-01,7.37,7.71,8.05,8.94,9.31,9.81,10.20,10.33
1985-09-01,7.33,7.64,8.07,8.98,9.37,9.81,10.24,10.37
1985-10-01,7.40,7.71,8.01,8.86,9.25,9.69,10.11,10.24
1985-11-01,7.48,7.68,7.88,8.58,8.88,9.28,9.62,9.78
1985-12-01,7.33,7.50,7.67,8.15,8.40,8.73,9.11,9.26
1986-01-01,7.30,7.53,7.73,8.14,8.41,8.68,9.03,9.19
1986-02-01,7.29,7.47,7.61,7.97,8.10,8.34,8.58,8.70
1986-03-01,6.76,6.89,7.03,7.21,7.30,7.46,7.67,7.78
1986-04-01,6.24,6.36,6.44,6.70,6.86,7.05,7.16,7.30
1986-05-01,6.33,6.47,6.65,7.07,7.27,7.52,7.65,7.71
1986-06-01,6.40,6.56,6.73,7.18,7.41,7.64,7.75,7.80
1986-07-01,6.00,6.12,6.27,6.67,6.86,7.06,7.22,7.30
1986-08-01,5.69,5.79,5.93,6.33,6.49,6.80,7.01,7.17
1986-09-01,5.35,5.57,5.77,6.35,6.62,6.92,7.28,7.45
1986-10-01,5.32,5.48,5.72,6.28,6.56,6.83,7.24,7.43
1986-11-01,5.50,5.64,5.80,6.28,6.46,6.76,7.08,7.25
1986-12-01,5.68,5.78,5.87,6.27,6.43,6.67,6.97,7.11
1987-01-01,5.58,5.67,5.78,6.23,6.41,6.64,6.92,7.08
1987-02-01,5.75,5.83,5.96,6.40,6.56,6.79,7.06,7.25
1987-03-01,5.77,5.86,6.03,6.42,6.58,6.79,7.06,7.25
1987-04-01,5.82,6.19,6.50,7.02,7.32,7.57,7.83,8.02
1987-05-01,5.85,6.35,7.00,7.76,8.02,8.26,8.47,8.61
1987-06-01,5.85,6.28,6.80,7.57,7.82,8.02,8.27,8.40
1987-07-01,5.88,6.05,6.68,7.44,7.74,8.01,8.27,8.45
1987-08-01,6.23,6.46,7.03,7.75,8.03,8.32,8.59,8.76
1987-09-01,6.62,6.99,7.67,8.34,8.67,8.94,9.26,9.42
1987-10-01,6.35,7.04,7.59,8.40,8.75,9.08,9.37,9.52
1987-11-01,5.89,6.50,6.96,7.69,7.99,8.35,8.69,8.86
1987-12-01,5.96,6.68,7.17,7.86,8.13,8.45,8.82,8.99
1988-01-01,6.00,6.56,6.99,7.63,7.87,8.18,8.48,8.67
1988-02-01,5.84,6.21,6.64,7.18,7.38,7.71,8.02,8.21
1988-03-01,5.87,6.18,6.71,7.27,7.50,7.83,8.19,8.37
1988-04-01,6.08,6.50,7.01,7.59,7.83,8.19,8.52,8.72
1988-05-01,6.45,6.89,7.40,8.00,8.24,8.58,8.89,9.09
1988-06-01,6.66,7.04,7.49,8.03,8.22,8.49,8.78,8.92
1988-07-01,6.95,7.35,7.75,8.28,8.44,8.66,8.91,9.06
1988-08-01,7.30,7.79,8.17,8.63,8.77,8.94,9.13,9.26
1988-09-01,7.48,7.82,8.09,8.46,8.57,8.69,8.87,8.98
1988-10-01,7.60,7.90,8.11,8.35,8.43,8.51,8.69,8.80
1988-11-01,8.03,8.30,8.48,8.67,8.72,8.79,8.89,8.96
1988-12-01,8.35,8.70,8.99,9.09,9.11,9.09,9.13,9.11
1989-01-01,8.56,8.85,9.05,9.18,9.20,9.15,9.14,9.09
1989-02-01,8.84,9.05,9.25,9.37,9.32,9.27,9.23,9.17
1989-03-01,9.14,9.39,9.57,9.68,9.61,9.51,9.43,9.36
1989-04-01,8.96,9.17,9.36,9.45,9.40,9.30,9.24,9.18
1989-05-01,8.74,8.91,8.98,9.02,8.98,8.91,8.88,8.86
1989-06-01,8.43,8.38,8.44,8.41,8.37,8.29,8.31,8.28
1989-07-01,8.15,8.01,7.89,7.82,7.83,7.83,7.94,8.02
1989-08-01,8.17,8.17,8.18,8.14,8.13,8.09,8.11,8.11
1989-09-01,8.01,8.16,8.22,8.28,8.26,8.17,8.23,8.19
1989-10-01,7.90,8.03,7.99,7.98,8.02,7.97,8.03,8.01
1989-11-01,7.94,7.89,7.77,7.80,7.80,7.81,7.86,7.87
1989-12-01,7.88,7.81,7.72,7.78,7.77,7.75,7.85,7.84
1990-01-01,7.90,7.96,7.92,8.09,8.13,8.12,8.20,8.21
1990-02-01,8.00,8.12,8.11,8.37,8.39,8.42,8.48,8.47
1990-03-01,8.17,8.28,8.35,8.63,8.63,8.60,8.65,8.59
1990-04-01,8.04,8.27,8.40,8.72,8.78,8.77,8.81,8.79
1990-05-01,8.01,8.19,8.32,8.64,8.69,8.74,8.78,8.76
1990-06-01,7.99,8.05,8.10,8.35,8.40,8.43,8.52,8.48
1990-07-01,7.87,7.92,7.94,8.16,8.26,8.33,8.46,8.47
1990-08-01,7.69,7.77,7.78,8.06,8.22,8.44,8.64,8.75
1990-09-01,7.60,7.70,7.76,8.08,8.27,8.51,8.79,8.89
1990-10-01,7.40,7.53,7.55,7.88,8.07,8.33,8.59,8.72
1990-11-01,7.29,7.39,7.31,7.60,7.74,8.02,8.28,8.39
1990-12-01,6.95,7.03,7.05,7.31,7.47,7.73,8.00,8.08
1991-01-01,6.41,6.58,6.64,7.13,7.38,7.70,7.97,8.09
1991-02-01,6.12,6.19,6.27,6.87,7.08,7.47,7.73,7.85
1991-03-01,6.09,6.20,6.40,7.10,7.35,7.77,8.00,8.11
1991-04-01,5.83,5.98,6.24,6.95,7.23,7.70,7.92,8.04
1991-05-01,5.63,5.87,6.13,6.78,7.12,7.70,7.94,8.07
1991-06-01,5.75,6.02,6.36,6.96,7.39,7.94,8.17,8.28
1991-07-01,5.75,5.97,6.31,6.92,7.38,7.91,8.15,8.27
1991-08-01,5.50,5.63,5.78,6.43,6.80,7.43,7.74,7.90
1991-09-01,5.37,5.48,5.57,6.18,6.50,7.14,7.48,7.65
1991-10-01,5.14,5.26,5.33,5.91,6.23,6.87,7.25,7.53
1991-11-01,4.69,4.80,4.89,5.56,5.90,6.62,7.06,7.42
1991-12-01,4.18,4.26,4.38,5.03,5.39,6.19,6.69,7.09
1992-01-01,3.91,4.01,4.15,4.96,5.40,6.24,6.70,7.03
1992-02-01,3.95,4.08,4.29,5.21,5.72,6.58,6.96,7.34
1992-03-01,4.14,4.33,4.63,5.69,6.18,6.95,7.26,7.54
1992-04-01,3.84,4.00,4.30,5.34,5.93,6.78,7.15,7.48
1992-05-01,3.72,3.88,4.19,5.23,5.81,6.69,7.06,7.39
1992-06-01,3.75,3.90,4.17,5.05,5.60,6.48,6.90,7.26
1992-07-01,3.28,3.38,3.60,4.36,4.91,5.84,6.36,6.84
1992-08-01,3.20,3.31,3.47,4.19,4.72,5.60,6.12,6.59
1992-09-01,2.97,3.04,3.18,3.89,4.42,5.38,5.96,6.42
1992-10-01,2.93,3.13,3.30,4.08,4.64,5.60,6.15,6.59
1992-11-01,3.21,3.44,3.68,4.58,5.14,6.04,6.49,6.87
1992-12-01,3.29,3.47,3.71,4.67,5.21,6.08,6.46,6.77
1993-01-01,3.07,3.24,3.50,4.39,4.93,5.83,6.26,6.60
1993-02-01,2.99,3.16,3.39,4.10,4.58,5.43,5.87,6.26
1993-03-01,3.01,3.15,3.33,3.95,4.40,5.19,5.66,5.98
1993-04-01,2.93,3.06,3.24,3.84,4.30,5.13,5.59,5.97
1993-05-01,3.03,3.17,3.36,3.98,4.40,5.20,5.66,6.04
1993-06-01,3.14,3.29,3.54,4.16,4.53,5.22,5.61,5.96
1993-07-01,3.11,3.26,3.47,4.07,4.43,5.09,5.48,5.81
1993-08-01,3.09,3.24,3.44,4.00,4.36,5.03,5.35,5.68
1993-09-01,3.01,3.15,3.36,3.85,4.17,4.73,5.08,5.36
1993-10-01,3.09,3.22,3.39,3.87,4.18,4.71,5.05,5.33
1993-11-01,3.18,3.36,3.58,4.16,4.50,5.06,5.45,5.72
1993-12-01,3.13,3.34,3.61,4.21,4.54,5.15,5.48,5.77
1994-01-01,3.04,3.25,3.54,4.14,4.48,5.09,5.43,5.75
1994-02-01,3.33,3.53,3.87,4.47,4.83,5.40,5.72,5.97
1994-03-01,3.59,3.91,4.32,5.00,5.40,5.94,6.28,6.48
1994-04-01,3.78,4.25,4.82,5.55,5.99,6.52,6.80,6.97
1994-05-01,4.27,4.79,5.31,5.97,6.34,6.78,7.01,7.18
1994-06-01,4.25,4.72,5.27,5.93,6.27,6.70,6.91,7.10
1994-07-01,4.46,4.95,5.48,6.13,6.48,6.91,7.12,7.30
1994-08-01,4.61,5.08,5.56,6.18,6.50,6.88,7.06,7.24
1994-09-01,4.75,5.24,5.76,6.39,6.69,7.08,7.28,7.46
1994-10-01,5.10,5.62,6.11,6.73,7.04,7.40,7.58,7.74
1994-11-01,5.45,5.98,6.54,7.15,7.44,7.72,7.83,7.96
1994-12-01,5.76,6.50,7.14,7.59,7.71,7.78,7.80,7.81
1995-01-01,5.90,6.51,7.05,7.51,7.66,7.76,7.79,7.78
1995-02-01,5.94,6.31,6.70,7.11,7.25,7.37,7.44,7.47
1995-03-01,5.91,6.17,6.43,6.78,6.89,7.05,7.14,7.20
1995-04-01,5.84,6.05,6.27,6.57,6.68,6.86,6.95,7.06
1995-05-01,5.85,5.93,6.00,6.17,6.27,6.41,6.50,6.63
1995-06-01,5.64,5.66,5.64,5.72,5.80,5.93,6.05,6.17
1995-07-01,5.59,5.62,5.59,5.78,5.89,6.01,6.20,6.28
1995-08-01,5.57,5.65,5.75,5.98,6.10,6.24,6.41,6.49
1995-09-01,5.43,5.54,5.62,5.81,5.89,6.00,6.13,6.20
1995-10-01,5.44,5.56,5.59,5.70,5.77,5.86,5.97,6.04
1995-11-01,5.52,5.51,5.43,5.48,5.57,5.69,5.83,5.93
1995-12-01,5.29,5.35,5.31,5.32,5.39,5.51,5.63,5.71
1996-01-01,5.15,5.13,5.09,5.11,5.20,5.36,5.54,5.65
1996-02-01,4.96,4.97,4.94,5.03,5.14,5.38,5.64,5.81
1996-03-01,5.10,5.16,5.34,5.66,5.79,5.97,6.19,6.27
1996-04-01,5.09,5.27,5.54,5.96,6.11,6.30,6.48,6.51
1996-05-01,5.15,5.33,5.64,6.10,6.27,6.48,6.66,6.74
1996-06-01,5.23,5.46,5.81,6.30,6.49,6.69,6.83,6.91
1996-07-01,5.30,5.52,5.85,6.27,6.45,6.64,6.76,6.87
1996-08-01,5.19,5.34,5.67,6.03,6.21,6.39,6.52,6.64
1996-09-01,5.24,5.45,5.83,6.23,6.41,6.60,6.73,6.83
1996-10-01,5.12,5.32,5.55,5.91,6.08,6.27,6.42,6.53
1996-11-01,5.17,5.27,5.42,5.70,5.82,5.97,6.10,6.20
1996-12-01,5.04,5.24,5.47,5.78,5.91,6.07,6.20,6.30
1997-01-01,5.17,5.31,5.61,6.01,6.16,6.33,6.47,6.58
1997-02-01,5.14,5.27,5.53,5.90,6.03,6.20,6.32,6.42
1997-03-01,5.28,5.48,5.80,6.22,6.38,6.54,6.65,6.69
1997-04-01,5.30,5.60,5.99,6.45,6.61,6.76,6.86,6.89
1997-05-01,5.20,5.53,5.87,6.28,6.42,6.57,6.66,6.71
1997-06-01,5.07,5.34,5.69,6.09,6.24,6.38,6.46,6.49
1997-07-01,5.19,5.33,5.54,5.89,6.00,6.12,6.20,6.22
1997-08-01,5.28,5.40,5.56,5.94,6.06,6.16,6.29,6.30
1997-09-01,5.08,5.30,5.52,5.88,5.98,6.11,6.20,6.21
1997-10-01,5.11,5.30,5.46,5.77,5.84,5.93,6.05,6.03
1997-11-01,5.28,5.38,5.46,5.71,5.76,5.80,5.90,5.88
1997-12-01,5.30,5.45,5.53,5.72,5.74,5.77,5.83,5.81
1998-01-01,5.18,5.23,5.24,5.36,5.38,5.42,5.53,5.54
1998-02-01,5.23,5.27,5.31,5.42,5.43,5.49,5.60,5.57
1998-03-01,5.16,5.25,5.39,5.56,5.57,5.61,5.71,5.65
1998-04-01,5.08,5.26,5.38,5.56,5.58,5.61,5.70,5.64
1998-05-01,5.14,5.36,5.44,5.59,5.61,5.63,5.72,5.65
1998-06-01,5.12,5.32,5.41,5.52,5.52,5.52,5.56,5.50
1998-07-01,5.09,5.23,5.36,5.46,5.47,5.46,5.52,5.46
1998-08-01,5.04,5.15,5.21,5.27,5.24,5.27,5.36,5.34
1998-09-01,4.74,4.81,4.71,4.67,4.62,4.62,4.76,4.81
1998-10-01,4.07,4.20,4.12,4.09,4.18,4.18,4.46,4.53
1998-11-01,4.53,4.59,4.53,4.54,4.57,4.54,4.78,4.83
1998-12-01,4.50,4.57,4.52,4.51,4.48,4.45,4.65,4.65
1999-01-01,4.45,4.49,4.51,4.62,4.61,4.60,4.80,4.72
1999-02-01,4.56,4.61,4.70,4.88,4.90,4.91,5.10,5.00
1999-03-01,4.57,4.65,4.78,5.05,5.11,5.14,5.36,5.23
1999-04-01,4.41,4.54,4.69,4.98,5.03,5.08,5.28,5.18
1999-05-01,4.63,4.75,4.85,5.25,5.33,5.44,5.64,5.54
1999-06-01,4.72,5.03,5.10,5.62,5.70,5.81,6.05,5.90
1999-07-01,4.69,4.75,5.03,5.55,5.62,5.68,5.94,5.79
1999-08-01,4.87,5.09,5.20,5.68,5.77,5.84,6.15,5.94
1999-09-01,4.82,5.08,5.25,5.66,5.75,5.80,6.12,5.92
1999-10-01,5.02,5.20,5.43,5.86,5.94,6.03,6.33,6.11
1999-11-01,5.23,5.43,5.55,5.86,5.92,5.97,6.17,6.03
1999-12-01,5.36,5.68,5.84,6.10,6.14,6.19,6.38,6.28
2000-01-01,5.50,5.76,6.12,6.44,6.49,6.58,6.70,6.66
2000-02-01,5.73,6.00,6.22,6.61,6.65,6.68,6.72,6.52
2000-03-01,5.86,6.11,6.22,6.53,6.53,6.50,6.51,6.26
2000-04-01,5.82,6.07,6.15,6.40,6.36,6.26,6.27,5.99
2000-05-01,5.99,6.39,6.33,6.81,6.77,6.69,6.69,6.44
2000-06-01,5.86,6.24,6.17,6.48,6.43,6.30,6.33,6.10
2000-07-01,6.14,6.27,6.08,6.34,6.28,6.18,6.22,6.05
2000-08-01,6.28,6.35,6.18,6.23,6.17,6.06,6.05,5.83
2000-09-01,6.18,6.25,6.13,6.08,6.02,5.93,5.98,5.80
2000-10-01,6.29,6.32,6.01,5.91,5.85,5.78,5.84,5.74
2000-11-01,6.36,6.34,6.09,5.88,5.79,5.70,5.78,5.72
2000-12-01,5.94,5.92,5.60,5.35,5.26,5.17,5.28,5.24
